ユーザーID,ユーザータイプ,ユーザー名字,ユーザー名前,更新者ID
100000,4458,名字1,名前1,1
100001,5895,名字2,名前2,1
100002,7599,名字3,名前3,1
100003,10794,名字4,名前4,1
100004,14095,名字5,名前5,1
100005,14847,名字6,名前6,1
100006,16328,名字7,名前7,1
100007,16766,名字8,名前8,1
100008,18454,名字9,名前9,1
100009,21574,名字10,名前10,1
100010,24792,名字11,名前11,2
100011,24795,名字12,名前12,2
100012,24802,名字13,名前13,2
100013,28708,名字14,名前14,2
100014,31402,名字15,名前15,2
100015,32953,名字16,名前16,2
100016,35307,名字17,名前17,2
100017,36495,名字18,名前18,2
100018,37452,名字19,名前19,2
100019,42500,名字20,名前20,2
100020,43591,名字21,名前21,2
100021,49028,名字22,名前22,2
100022,49087,名字23,名前23,2
100023,49734,名字24,名前24,2
100024,51689,名字25,名前25,2
100025,56218,名字26,名前26,2
100026,60976,名字27,名前27,2
100027,61058,名字28,名前28,1
100028,61202,名字29,名前29,1
100029,64016,名字30,名前30,1
100030,69221,名字31,名前31,1
100031,75094,名字32,名前32,1
100032,82836,名字33,名前33,1
100033,83290,名字34,名前34,1
100034,83423,名字35,名前35,1
100035,83732,名字36,名前36,1
100036,86674,名字37,名前37,1
100037,92840,名字38,名前38,1
100038,97856,名字39,名前39,1
100039,98620,名字40,名前40,1
100040,99014,名字41,名前41,1
100041,99401,名字42,名前42,1
100042,103538,名字43,名前43,1
100043,104113,名字44,名前44,1
100044,111960,名字45,名前45,1
100045,112741,名字46,名前46,1
100046,113824,名字47,名前47,1
100047,115402,名字48,名前48,1
100048,116274,名字49,名前49,1
100049,119867,名字50,名前50,1
100050,121111,名字51,名前51,1
100051,131086,名字52,名前52,1
100052,132777,名字53,名前53,3
100053,134712,名字54,名前54,3
100054,135406,名字55,名前55,3
100055,135519,名字56,名前56,3
100056,141696,名字57,名前57,3
100057,144813,名字58,名前58,3
100058,145546,名字59,名前59,3
100059,146091,名字60,名前60,3
100060,147817,名字61,名前61,3
100061,148036,名字62,名前62,3
100062,153443,名字63,名前63,3
100063,154725,名字64,名前64,3
100064,157267,名字65,名前65,3
100065,171386,名字66,名前66,3
100066,174597,名字67,名前67,3
100067,175117,名字68,名前68,3
100068,176710,名字69,名前69,3
100069,177626,名字70,名前70,3
100070,181279,名字71,名前71,3
100071,181860,名字72,名前72,3
100072,187036,名字73,名前73,3
100073,191203,名字74,名前74,3
100074,191987,名字75,名前75,3
100075,192103,名字76,名前76,1
100076,196459,名字77,名前77,1
100077,198853,名字78,名前78,1
100078,199438,名字79,名前79,1
100079,202606,名字80,名前80,1
100080,203474,名字81,名前81,1
100081,206385,名字82,名前82,1
100082,206493,名字83,名前83,1
100083,207839,名字84,名前84,1
100084,207844,名字85,名前85,1
100085,207961,名字86,名前86,1
100086,208407,名字87,名前87,1
100087,212296,名字88,名前88,1
100088,213247,名字89,名前89,4
100089,214717,名字90,名前90,4
100090,219929,名字91,名前91,4
100091,222805,名字92,名前92,4
100092,223576,名字93,名前93,4
100093,225040,名字94,名前94,4
100094,226611,名字95,名前95,4
100095,227337,名字96,名前96,4
100096,229271,名字97,名前97,4
100097,229918,名字98,名前98,4
100098,234284,名字99,名前99,4